imagen,total_real,total_detectado,error_abs,n_detectadas,det_10c,det_20c,det_50c,det_1s,det_2s,det_5s
imagen_01.jpg,10.3,10.3,0.0,4,1,1,0,0,0,2
imagen_02.jpg,12.3,12.3,0.0,5,1,1,0,0,1,2
imagen_03.jpg,13.7,13.7,0.0,6,0,1,1,1,1,2
imagen_04.jpg,7.2,7.2,0.0,5,2,0,0,2,0,1
imagen_05.jpg,9.8,9.8,0.0,6,1,1,1,0,2,1
imagen_06.jpg,9.6,9.6,0.0,5,1,0,1,0,2,1
imagen_07.jpg,10.5,10.5,0.0,5,1,2,0,0,0,2
imagen_08.jpg,14.1,14.1,0.0,8,1,0,0,3,3,1
imagen_09.jpg,8.0,8.0,0.0,6,1,2,1,0,1,1
imagen_10.jpg,14.8,14.8,0.0,8,1,1,1,2,1,2
imagen_11.jpg,1.8,1.8,0.0,4,1,1,1,1,0,0
imagen_12.jpg,10.0,10.0,0.0,4,0,0,0,1,2,1
imagen_13.jpg,18.2,18.2,0.0,7,0,1,2,0,1,3
imagen_14.jpg,11.1,11.1,0.0,7,1,0,0,4,1,1
imagen_15.jpg,11.7,11.7,0.0,6,0,1,1,0,3,1
imagen_16.jpg,3.6,3.6,0.0,7,0,3,2,2,0,0
imagen_17.jpg,16.2,16.2,0.0,6,2,0,0,1,0,3
imagen_18.jpg,11.5,11.5,0.0,8,1,2,0,2,2,1
imagen_19.jpg,8.7,8.7,0.0,6,0,1,3,0,1,1
imagen_20.jpg,11.3,11.3,0.0,7,1,1,0,2,2,1
imagen_21.jpg,8.4,8.4,0.0,6,2,1,0,1,1,1
imagen_22.jpg,6.7,6.7,0.0,4,0,1,1,1,0,1
imagen_23.jpg,7.3,7.3,0.0,6,1,1,0,1,3,0
imagen_24.jpg,7.5,7.5,0.0,6,0,0,1,3,2,0
imagen_25.jpg,6.3,6.3,0.0,4,1,1,0,1,0,1
imagen_26.jpg,1.9,1.9,0.0,4,0,2,1,1,0,0
imagen_27.jpg,26.3,26.3,0.0,8,1,1,0,1,0,5
imagen_28.jpg,11.3,11.3,0.0,7,3,0,2,0,0,2
imagen_29.jpg,10.9,10.9,0.0,7,0,2,1,1,2,1
imagen_30.jpg,8.1,8.1,0.0,5,1,0,0,0,4,0
imagen_31.jpg,14.1,14.1,0.0,8,1,0,0,3,3,1
imagen_32.jpg,8.9,8.9,0.0,6,0,2,1,1,1,1
imagen_33.jpg,21.2,21.2,0.0,7,0,1,0,0,3,3
imagen_34.jpg,1.4,1.4,0.0,4,2,1,0,1,0,0
imagen_35.jpg,5.2,5.2,0.0,6,2,0,2,0,2,0
imagen_36.jpg,6.7,6.7,0.0,6,2,0,1,0,3,0
imagen_37.jpg,9.2,9.2,0.0,7,0,1,4,0,1,1
imagen_38.jpg,6.8,6.8,0.0,5,1,1,1,1,0,1
imagen_39.jpg,5.3,5.3,0.0,7,1,1,2,2,1,0
imagen_40.jpg,7.6,7.6,0.0,4,1,0,1,0,1,1
imagen_41.jpg,14.7,14.7,0.0,7,2,0,1,0,2,2
imagen_42.jpg,2.3,2.3,0.0,4,1,1,0,2,0,0
imagen_43.jpg,17.7,17.7,0.0,7,0,1,1,2,0,3
imagen_44.jpg,4.3,4.3,0.0,7,3,0,2,1,1,0
imagen_45.jpg,3.2,3.2,0.0,8,3,2,1,2,0,0
imagen_46.jpg,9.8,9.8,0.0,6,1,1,1,0,2,1
imagen_47.jpg,5.5,5.5,0.0,7,1,2,0,3,1,0
imagen_48.jpg,9.5,9.5,0.0,8,1,2,2,1,1,1
imagen_49.jpg,15.1,15.1,0.0,6,1,0,0,1,2,2
imagen_50.jpg,15.1,15.1,0.0,8,1,0,2,2,1,2
