imagen,10c,20c,50c,1s,2s,5s,total_real,dificil
imagen_01.jpg,1,1,0,0,0,2,10.3,1
imagen_02.jpg,1,1,0,0,1,2,12.3,1
imagen_03.jpg,0,1,1,1,1,2,13.7,1
imagen_04.jpg,2,0,0,2,0,1,7.2,1
imagen_05.jpg,1,1,1,0,2,1,9.8,1
imagen_06.jpg,1,0,1,0,2,1,9.6,1
imagen_07.jpg,1,2,0,0,0,2,10.5,1
imagen_08.jpg,1,0,0,3,3,1,14.1,1
imagen_09.jpg,1,2,1,0,1,1,8.0,1
imagen_10.jpg,1,1,1,2,1,2,14.8,1
imagen_11.jpg,1,1,1,1,0,0,1.8,1
imagen_12.jpg,0,0,0,1,2,1,10.0,1
imagen_13.jpg,0,1,2,0,1,3,18.2,0
imagen_14.jpg,1,0,0,4,1,1,11.1,0
imagen_15.jpg,0,1,1,0,3,1,11.7,0
imagen_16.jpg,0,3,2,2,0,0,3.6,0
imagen_17.jpg,2,0,0,1,0,3,16.2,0
imagen_18.jpg,1,2,0,2,2,1,11.5,0
imagen_19.jpg,0,1,3,0,1,1,8.7,0
imagen_20.jpg,1,1,0,2,2,1,11.3,0
imagen_21.jpg,2,1,0,1,1,1,8.4,0
imagen_22.jpg,0,1,1,1,0,1,6.7,0
imagen_23.jpg,1,1,0,1,3,0,7.3,0
imagen_24.jpg,0,0,1,3,2,0,7.5,0
imagen_25.jpg,1,1,0,1,0,1,6.3,0
imagen_26.jpg,0,2,1,1,0,0,1.9,0
imagen_27.jpg,1,1,0,1,0,5,26.3,0
imagen_28.jpg,3,0,2,0,0,2,11.3,0
imagen_29.jpg,0,2,1,1,2,1,10.9,0
imagen_30.jpg,1,0,0,0,4,0,8.1,0
imagen_31.jpg,1,0,0,3,3,1,14.1,0
imagen_32.jpg,0,2,1,1,1,1,8.9,0
imagen_33.jpg,0,1,0,0,3,3,21.2,0
imagen_34.jpg,2,1,0,1,0,0,1.4,0
imagen_35.jpg,2,0,2,0,2,0,5.2,0
imagen_36.jpg,2,0,1,0,3,0,6.7,0
imagen_37.jpg,0,1,4,0,1,1,9.2,0
imagen_38.jpg,1,1,1,1,0,1,6.8,0
imagen_39.jpg,1,1,2,2,1,0,5.3,0
imagen_40.jpg,1,0,1,0,1,1,7.6,0
imagen_41.jpg,2,0,1,0,2,2,14.7,0
imagen_42.jpg,1,1,0,2,0,0,2.3,0
imagen_43.jpg,0,1,1,2,0,3,17.7,0
imagen_44.jpg,3,0,2,1,1,0,4.3,0
imagen_45.jpg,3,2,1,2,0,0,3.2,0
imagen_46.jpg,1,1,1,0,2,1,9.8,0
imagen_47.jpg,1,2,0,3,1,0,5.5,0
imagen_48.jpg,1,2,2,1,1,1,9.5,0
imagen_49.jpg,1,0,0,1,2,2,15.1,0
imagen_50.jpg,1,0,2,2,1,2,15.1,0
